1 Periodo,2 CÃ³digo de catalogo,3 Codigo de rubro,4 Saldo rubro,5 Estado de operacion,6 Campos Libres,
20230831,659313,0.00,0.00,0.00,2 420 453.91,0.00,2 420 453.91,0.00,-22 866 544.21,0.00,0.00,0.00,0.00,2 420 453.91,0.00,0.00,0.00,1,
20230930,682231,0.00,0.00,17 478.87,0.00,17 478.87,0.00,221 479.06,0.00,0.00,0.00,0.00,0.00,-17 478.87,0.00,0.00,0.00,1,
20230930,421101,0.00,0.00,0.00,5 726 323.71,0.00,5 726 323.71,0.00,-5 726 323.71,0.00,0.00,0.00,5 726 323.71,0.00,0.00,0.00,0.00,1,
20230930,469906,0.00,0.00,0.00,33 064.78,0.00,33 064.78,0.00,-33 064.78,0.00,0.00,0.00,33 064.78,0.00,0.00,0.00,0.00,1,
20230930,469907,0.00,0.00,28 563.01,0.00,28 563.01,0.00,28 563.01,0.00,0.00,0.00,0.00,-28 563.01,0.00,0.00,0.00,0.00,1,
20230930,501101,0.00,0.00,0.00,4 700 264.91,0.00,4 700 264.91,0.00,-4 755 264.91,0.00,0.00,0.00,4 700 264.91,0.00,0.00,0.00,0.00,1,
20231130,7032101,0.00,0.00,470.00,3 020.00,470.00,3 020.00,0.00,-2 220 412.33,0.00,0.00,0.00,0.00,0.00,2 550.00,0.00,0.00,1,
20231130,421201,0.00,0.00,26 206.54,120 634.49,26 206.54,120 634.49,0.00,-53 777 214.12,0.00,0.00,0.00,94 427.95,0.00,0.00,0.00,0.00,1,
20231130,701218,0.00,0.00,0.00,160.00,0.00,160.00,0.00,0.00,0.00,0.00,0.00,0.00,0.00,160.00,0.00,0.00,1,
20231130,101101,0.00,0.00,0.00,14 258.56,0.00,14 258.56,0.00,-91 344.00,0.00,0.00,-14 258.56,0.00,0.00,0.00,0.00,0.00,1,
20231130,421104,0.00,0.00,84 520.40,116 596.93,84 520.40,116 596.93,0.00,-817 709.90,0.00,0.00,0.00,32 076.53,0.00,0.00,0.00,0.00,1,
20231130,339212,0.00,0.00,102 476.87,108 453.69,102 476.87,108 453.69,2 504 981.28,0.00,0.00,0.00,-5 976.82,0.00,0.00,0.00,0.00,0.00,1,
20231130,395261,0.00,0.00,0.00,1.08,0.00,1.08,0.00,0.00,0.00,0.00,1.08,0.00,0.00,0.00,0.00,0.00,1,
20231130,104118,0.00,0.00,1 180.00,2 950.00,1 180.00,2 950.00,0.00,-8 850.00,0.00,0.00,-1 770.00,0.00,0.00,0.00,0.00,0.00,1,
20231130,00201112,0.00,0.00,17 707.41,0.00,17 707.41,0.00,184 610 738.24,0.00,0.00,0.00,0.00,0.00,0.00,0.00,0.00,0.00,1,
20231130,684121,0.00,0.00,6 580.33,0.00,6 580.33,0.00,14 191.78,0.00,0.00,0.00,0.00,0.00,-6 580.33,0.00,0.00,0.00,1,
20231130,701217,0.00,0.00,0.00,300.50,0.00,300.50,0.00,-72 190.50,0.00,0.00,0.00,0.00,0.00,300.50,0.00,0.00,1,
20231130,682211,0.00,0.00,14 950.52,0.00,14 950.52,0.00,104 653.64,0.00,0.00,0.00,0.00,0.00,-14 950.52,0.00,0.00,0.00,1,
20231130,684111,0.00,0.00,46 519.74,0.00,46 519.74,0.00,325 638.18,0.00,0.00,0.00,0.00,0.00,-46 519.74,0.00,0.00,0.00,1,
20231130,395211,0.00,0.00,0.00,46 519.74,0.00,46 519.74,0.00,-506 259.68,0.00,0.00,46 519.74,0.00,0.00,0.00,0.00,0.00,1,
20231130,401141,0.00,0.00,0.00,186.21,0.00,186.21,0.00,-4 537.39,0.00,0.00,0.00,186.21,0.00,0.00,0.00,0.00,1,
20231130,776102,0.00,0.00,0.15,0.00,0.15,0.00,0.15,0.00,0.00,0.00,0.00,0.00,0.00,0.00,0.00,0.00,1,
20231130,7032102,0.00,0.00,0.00,220.00,0.00,220.00,0.00,-4 725.28,0.00,0.00,0.00,0.00,0.00,220.00,0.00,0.00,1,
20231130,421202,0.00,0.00,14 377.84,0.00,14 377.84,0.00,0.00,-37 062 774.61,0.00,0.00,0.00,-14 377.84,0.00,0.00,0.00,0.00,1,
20231130,621113,0.00,0.00,500.00,0.00,500.00,0.00,400.00,0.00,0.00,0.00,0.00,0.00,0.00,0.00,0.00,0.00,1,
20231031,101101,0.00,0.00,1 000.00,2 295.00,1 000.00,2 295.00,0.00,-68 508.00,0.00,0.00,-1 295.00,0.00,0.00,0.00,0.00,0.00,1,
20231031,421202,0.00,0.00,1 921.00,4 677.41,1 921.00,4 677.41,0.00,-111 188 323.83,0.00,0.00,0.00,2 756.41,0.00,0.00,0.00,0.00,1,
20231031,682251,0.00,0.00,201 029.77,0.00,201 029.77,0.00,1 407 208.39,0.00,0.00,0.00,0.00,0.00,-201 029.77,0.00,0.00,0.00,1,
20231031,631111,0.00,0.00,800.00,0.00,800.00,0.00,4 664.00,0.00,0.00,0.00,0.00,0.00,0.00,0.00,0.00,0.00,1,
20231231,401112,0.00,0.00,257 373.01,2 991.60,257 373.01,2 991.60,16 310 113.68,0.00,0.00,0.00,0.00,-254 381.41,0.00,0.00,0.00,0.00,1,
20231231,691211,0.00,0.00,13 181.79,9 011.51,13 181.79,9 011.51,407 308.80,0.00,0.00,0.00,0.00,0.00,0.00,0.00,0.00,0.00,1,
20231231,684141,0.00,0.00,24.95,0.00,24.95,0.00,4 106.54,0.00,0.00,0.00,0.00,0.00,0.00,0.00,0.00,0.00,1,
20231231,682211,0.00,0.00,14 950.52,0.00,14 950.52,0.00,104 653.64,0.00,0.00,0.00,0.00,0.00,-14 950.52,0.00,0.00,0.00,1,
20231231,395271,0.00,0.00,0.50,942.75,0.50,942.75,0.00,-38 507.70,0.00,0.00,942.25,0.00,0.00,0.00,0.00,0.00,1,
20231231,201112,0.00,0.00,15 619.02,18 149.13,15 619.02,18 149.13,3 692 126.40,0.00,0.00,0.00,-2 530.11,0.00,0.00,0.00,0.00,0.00,1,
20231231,322411,0.00,0.00,58 376.02,0.00,58 376.02,0.00,124 820.44,0.00,0.00,0.00,58 376.02,0.00,0.00,0.00,0.00,0.00,1,
20231231,701217,0.00,0.00,0.00,2 720.00,0.00,2 720.00,0.00,-360 952.50,0.00,0.00,0.00,0.00,0.00,2 720.00,0.00,0.00,1,
20231231,621106,0.00,0.00,2 528.58,0.00,2 528.58,0.00,2 528.58,0.00,0.00,0.00,0.00,0.00,-2 528.58,0.00,0.00,0.00,1,
20231231,104102,0.00,0.00,1 194.60,18 518.53,1 194.60,18 518.53,0.00,-219 807.14,0.00,0.00,-17 323.93,0.00,0.00,0.00,0.00,0.00,1,
20231231,121101,0.00,0.00,0.00,300.00,0.00,300.00,1 739 185.31,0.00,0.00,0.00,0.00,0.00,0.00,0.00,0.00,0.00,1,
20230930,682251,0.00,0.00,201 029.77,0.00,201 029.77,0.00,1 407 208.39,0.00,0.00,0.00,0.00,0.00,-201 029.77,0.00,0.00,0.00,1,
20230930,121101,0.00,0.00,1 741 069.92,1 879.61,1 741 069.92,1 879.61,8 695 926.55,0.00,0.00,0.00,1 739 190.31,0.00,0.00,0.00,0.00,0.00,1,
20230930,122101,0.00,0.00,0.00,67.49,0.00,67.49,0.00,-2 796.27,0.00,0.00,0.00,0.00,0.00,0.00,0.00,0.00,1,
20230930,141301,0.00,0.00,8 238.49,0.00,8 238.49,0.00,100 717.32,0.00,0.00,0.00,8 238.49,0.00,0.00,0.00,0.00,0.00,1,
20231130,00201110,0.00,0.00,2 080.00,1 960.00,2 080.00,1 960.00,290 640.00,0.00,0.00,0.00,0.00,0.00,0.00,0.00,0.00,0.00,1,
20231130,104101,0.00,0.00,954.40,1 753.99,954.40,1 753.99,0.00,-5 285 393.82,0.00,0.00,0.00,0.00,0.00,0.00,0.00,0.00,1,
20231130,104103,0.00,0.00,200.00,0.00,200.00,0.00,94 078.07,0.00,0.00,0.00,200.00,0.00,0.00,0.00,0.00,0.00,1,
20231130,401112,0.00,0.00,16 437.68,180.00,16 437.68,180.00,3 106 688.32,0.00,0.00,0.00,0.00,-16 257.68,0.00,0.00,0.00,0.00,1,
20231130,395271,0.00,0.00,0.00,48.27,0.00,48.27,0.00,-38 507.70,0.00,0.00,48.27,0.00,0.00,0.00,0.00,0.00,1,
20231130,,0.00,0.00,151.15,31.30,151.15,31.30,35 925.90,0.00,0.00,0.00,0.00,0.00,0.00,0.00,0.00,0.00,1,
20231130,424102,0.00,0.00,6 946.00,6 946.00,6 946.00,6 946.00,0.00,0.00,0.00,0.00,0.00,0.00,0.00,0.00,0.00,0.00,1,
20231130,401721,0.00,0.00,0.00,604.00,0.00,604.00,0.00,-2 204.00,0.00,0.00,0.00,604.00,0.00,0.00,0.00,0.00,1,
20231130,601104,0.00,0.00,14 385.46,0.00,14 385.46,0.00,218 019.60,0.00,0.00,0.00,0.00,0.00,-14 385.46,0.00,0.00,0.00,1,
20231130,395241,0.00,0.00,0.00,48.33,0.00,48.33,0.00,0.00,0.00,0.00,48.33,0.00,0.00,0.00,0.00,0.00,1,
20231130,601106,0.00,0.00,768.40,566.55,768.40,566.55,0.00,-5 155.95,0.00,0.00,0.00,0.00,0.00,0.00,0.00,0.00,1,
20231130,322411,0.00,0.00,8 400.30,0.00,8 400.30,0.00,62 410.22,0.00,0.00,0.00,8 400.30,0.00,0.00,0.00,0.00,0.00,1,
20231031,184904,0.00,0.00,3 621.00,100.00,3 621.00,100.00,1 084 696.26,0.00,0.00,0.00,3 521.00,0.00,0.00,0.00,0.00,0.00,1,
20231031,682211,0.00,0.00,14 950.52,0.00,14 950.52,0.00,104 653.64,0.00,0.00,0.00,0.00,0.00,-14 950.52,0.00,0.00,0.00,1,
20231031,393215,0.00,0.00,0.00,201 029.77,0.00,201 029.77,0.00,-1 399 065.40,0.00,0.00,201 029.77,0.00,0.00,0.00,0.00,0.00,1,
20231031,631121,0.00,0.00,350.00,0.00,350.00,0.00,2 259.60,0.00,0.00,0.00,0.00,0.00,0.00,0.00,0.00,0.00,1,
20231031,611101,0.00,0.00,0.00,14 047.05,0.00,14 047.05,0.00,-743 920.72,0.00,0.00,0.00,0.00,14 047.05,0.00,0.00,0.00,1,
20231031,333111,0.00,0.00,5 800.00,0.00,5 800.00,0.00,17 294.28,0.00,0.00,0.00,5 800.00,0.00,0.00,0.00,0.00,0.00,1,
20231031,401721,0.00,0.00,0.00,320.00,0.00,320.00,0.00,-2 204.00,0.00,0.00,0.00,320.00,0.00,0.00,0.00,0.00,1,
20231031,625102,0.00,0.00,300.00,0.00,300.00,0.00,300.00,0.00,0.00,0.00,0.00,0.00,0.00,0.00,0.00,0.00,1,
20231231,339212,0.00,0.00,71 420.02,59 602.86,71 420.02,59 602.86,1 867 749.20,0.00,0.00,0.00,11 817.16,0.00,0.00,0.00,0.00,0.00,1,
20231231,7032116,0.00,0.00,1 857.64,81 407.09,1 857.64,81 407.09,0.00,-98 997 579.56,0.00,0.00,0.00,0.00,0.00,79 549.45,0.00,0.00,1,
20231231,631121,0.00,0.00,1 509.60,0.00,1 509.60,0.00,4 519.20,0.00,0.00,0.00,0.00,0.00,-1 509.60,0.00,0.00,0.00,1,
20231231,00401141,0.00,0.00,0.00,644.70,0.00,644.70,0.00,-6 797.04,0.00,0.00,0.00,0.00,0.00,0.00,0.00,0.00,1,
20231231,104103,0.00,0.00,1 544.00,56 696.99,1 544.00,56 696.99,940 780.70,0.00,0.00,0.00,-55 152.99,0.00,0.00,0.00,0.00,0.00,1,
20231231,621101,0.00,0.00,400.01,0.00,400.01,0.00,400.01,0.00,0.00,0.00,0.00,0.00,0.00,0.00,0.00,0.00,1,
20231231,3200,0.00,0.00,0.00,10 048.41,0.00,10 048.41,162 982 098.63,0.00,0.00,0.00,-10 048.41,0.00,0.00,0.00,0.00,0.00,1,
20231231,335111,0.00,0.00,3 524.85,0.00,3 524.85,0.00,0.00,0.00,0.00,0.00,3 524.85,0.00,0.00,0.00,0.00,0.00,1,
20231231,601104,0.00,0.00,3.06,0.00,3.06,0.00,109 009.80,0.00,0.00,0.00,0.00,0.00,0.00,0.00,0.00,0.00,1,
20231231,184903,0.00,0.00,6 355.00,0.00,6 355.00,0.00,143 673.36,0.00,0.00,0.00,6 355.00,0.00,0.00,0.00,0.00,0.00,1,
20231231,636301,0.00,0.00,370.50,200.00,370.50,200.00,763.40,0.00,0.00,0.00,0.00,0.00,0.00,0.00,0.00,0.00,1,
20231231,104109,0.00,0.00,1 887.00,34.50,1 887.00,34.50,27 773.96,0.00,0.00,0.00,1 852.50,0.00,0.00,0.00,0.00,0.00,1,
20231231,654105,0.00,0.00,0.00,6 000.00,0.00,6 000.00,0.00,-6 000.00,0.00,0.00,0.00,0.00,6 000.00,0.00,0.00,0.00,1,
20231231,636101,0.00,0.00,9 780.00,0.00,9 780.00,0.00,11 201.69,0.00,0.00,0.00,0.00,0.00,-9 780.00,0.00,0.00,0.00,1,
20231231,452102,0.00,0.00,0.00,585.46,0.00,585.46,0.00,-143 182.26,0.00,0.00,0.00,585.46,0.00,0.00,0.00,0.00,1,
20231231,422103,0.00,0.00,4 600.00,4 460.40,4 600.00,4 460.40,216 398.00,0.00,0.00,0.00,0.00,0.00,0.00,0.00,0.00,0.00,1,
20231231,601116,0.00,0.00,6 113.88,0.00,6 113.88,0.00,14 857.66,0.00,0.00,0.00,0.00,0.00,-6 113.88,0.00,0.00,0.00,1,
20230930,395211,0.00,0.00,0.00,46 519.74,0.00,46 519.74,0.00,-506 259.68,0.00,0.00,46 519.74,0.00,0.00,0.00,0.00,0.00,1,
20230930,421213,0.00,0.00,0.00,1 018 769.18,0.00,1 018 769.18,0.00,-1 051 004.79,0.00,0.00,0.00,1 018 769.18,0.00,0.00,0.00,0.00,1,
20230930,452101,0.00,0.00,0.00,1 065 197.68,0.00,1 065 197.68,0.00,-2 130 395.36,0.00,0.00,0.00,1 065 197.68,0.00,0.00,0.00,0.00,1,
20231130,632108,0.00,0.00,3 000.00,1 000.00,3 000.00,1 000.00,96 520.00,0.00,0.00,0.00,0.00,0.00,-2 000.00,0.00,0.00,0.00,1,
20231130,129101,0.00,0.00,0.00,200.00,0.00,200.00,0.00,-2 200.00,0.00,0.00,0.00,0.00,0.00,0.00,0.00,0.00,1,
20231130,684151,0.00,0.00,48.27,0.00,48.27,0.00,128 891.35,0.00,0.00,0.00,0.00,0.00,0.00,0.00,0.00,0.00,1,
20231130,684141,0.00,0.00,1.08,0.00,1.08,0.00,2 053.27,0.00,0.00,0.00,0.00,0.00,0.00,0.00,0.00,0.00,1,
20231130,3200,0.00,0.00,0.00,9 136.27,0.00,9 136.27,217 309 464.84,0.00,0.00,0.00,-9 136.27,0.00,0.00,0.00,0.00,0.00,1,
20231130,452101 ANULAR,0.00,0.00,0.00,8 400.30,0.00,8 400.30,0.00,-67 065.26,0.00,0.00,0.00,8 400.30,0.00,0.00,0.00,0.00,1,
20230131,421201,0.00,0.00,1 144.60,0.00,1 144.60,0.00,0.00,-2 560 819.72,0.00,0.00,0.00,-1 144.60,0.00,0.00,0.00,0.00,1,
20231031,00201110,0.00,0.00,14 000.00,0.00,14 000.00,0.00,27 680.00,0.00,0.00,0.00,0.00,0.00,0.00,0.00,0.00,0.00,1,
20231031,621104,0.00,0.00,200.00,0.00,200.00,0.00,200.00,0.00,0.00,0.00,0.00,0.00,0.00,0.00,0.00,0.00,1,
20231031,639101,0.00,0.00,4 000.00,0.00,4 000.00,0.00,4 000.00,0.00,0.00,0.00,0.00,0.00,-4 000.00,0.00,0.00,0.00,1,
20231031,393213,0.00,0.00,0.00,17 478.87,0.00,17 478.87,0.00,-90 522.98,0.00,0.00,17 478.87,0.00,0.00,0.00,0.00,0.00,1,
20231031,141301,0.00,0.00,2 000.00,472.00,2 000.00,472.00,33 572.44,0.00,0.00,0.00,1 528.00,0.00,0.00,0.00,0.00,0.00,1,
20231031,401141,0.00,0.00,0.00,53.10,0.00,53.10,0.00,-4 537.39,0.00,0.00,0.00,53.10,0.00,0.00,0.00,0.00,1,
20231031,395241,0.00,0.00,0.00,48.33,0.00,48.33,0.00,0.00,0.00,0.00,48.33,0.00,0.00,0.00,0.00,0.00,1,
20231031,421213,0.00,0.00,0.00,504.00,0.00,504.00,0.00,-1 051 004.79,0.00,0.00,0.00,504.00,0.00,0.00,0.00,0.00,1,
20231231,682251,0.00,0.00,201 029.77,0.00,201 029.77,0.00,1 407 208.39,0.00,0.00,0.00,0.00,0.00,-201 029.77,0.00,0.00,0.00,1,
20231231,684111,0.00,0.00,46 519.74,0.00,46 519.74,0.00,325 638.18,0.00,0.00,0.00,0.00,0.00,-46 519.74,0.00,0.00,0.00,1,
20231231,631111,0.00,0.00,200.00,5 000.00,200.00,5 000.00,9 328.00,0.00,0.00,0.00,0.00,0.00,4 800.00,0.00,0.00,0.00,1,
20231231,121202,0.00,0.00,19 672.98,359.65,19 672.98,359.65,118 037.88,0.00,0.00,0.00,19 313.33,0.00,0.00,0.00,0.00,0.00,1,
20231231,00201110,0.00,0.00,7 120.00,7 400.00,7 120.00,7 400.00,96 880.00,0.00,0.00,0.00,0.00,0.00,0.00,0.00,0.00,0.00,1,
20231231,452101 ANULAR,0.00,0.00,0.00,58 376.02,0.00,58 376.02,0.00,-134 130.52,0.00,0.00,0.00,58 376.02,0.00,0.00,0.00,0.00,1,
20231231,673201,0.00,0.00,585.46,0.00,585.46,0.00,1 459.86,0.00,0.00,0.00,0.00,0.00,0.00,0.00,0.00,0.00,1,
20231231,424101,0.00,0.00,0.00,12 420.00,0.00,12 420.00,0.00,-43 053.40,0.00,0.00,0.00,12 420.00,0.00,0.00,0.00,0.00,1,
20231231,621113,0.00,0.00,400.00,500.00,400.00,500.00,1 200.00,0.00,0.00,0.00,0.00,0.00,100.00,0.00,0.00,0.00,1,
20230930,682211,0.00,0.00,14 950.52,0.00,14 950.52,0.00,104 653.64,0.00,0.00,0.00,0.00,0.00,-14 950.52,0.00,0.00,0.00,1,
20230930,393213,0.00,0.00,0.00,17 478.87,0.00,17 478.87,0.00,-90 522.98,0.00,0.00,17 478.87,0.00,0.00,0.00,0.00,0.00,1,
20230930,101122,0.00,0.00,2 000.00,0.00,2 000.00,0.00,2 000.00,0.00,0.00,0.00,2 000.00,0.00,0.00,0.00,0.00,0.00,1,
20230930,104120,0.00,0.00,870 088.11,0.00,870 088.11,0.00,857 865.31,0.00,0.00,0.00,870 088.11,0.00,0.00,0.00,0.00,0.00,1,
20230930,201111,0.00,0.00,864 727.18,0.00,864 727.18,0.00,1 729 454.36,0.00,0.00,0.00,864 727.18,0.00,0.00,0.00,0.00,0.00,1,
20230930,496101,0.00,0.00,0.00,877 832.30,0.00,877 832.30,0.00,-877 832.30,0.00,0.00,0.00,877 832.30,0.00,0.00,0.00,0.00,1,
20231130,401111,0.00,0.00,84.60,637.29,84.60,637.29,0.00,-1 095 957.54,0.00,0.00,0.00,552.69,0.00,0.00,0.00,0.00,1,
20231130,336112,0.00,0.00,108 149.72,0.00,108 149.72,0.00,15 681 157.44,0.00,0.00,0.00,108 149.72,0.00,0.00,0.00,0.00,0.00,1,
20231130,333111,0.00,0.00,7 517.64,6 532.00,7 517.64,6 532.00,51 882.84,0.00,0.00,0.00,985.64,0.00,0.00,0.00,0.00,0.00,1,
20231130,107201,0.00,0.00,31.00,0.00,31.00,0.00,31.00,0.00,0.00,0.00,31.00,0.00,0.00,0.00,0.00,0.00,1,
20231130,611101,0.00,0.00,0.00,14 385.46,0.00,14 385.46,0.00,-371 960.36,0.00,0.00,0.00,0.00,14 385.46,0.00,0.00,0.00,1,
20231031,401112,0.00,0.00,7 100.31,18.00,7 100.31,18.00,5 825 040.60,0.00,0.00,0.00,0.00,-7 082.31,0.00,0.00,0.00,0.00,1,
20231031,421104,0.00,0.00,34 096.14,45 444.49,34 096.14,45 444.49,0.00,-817 709.90,0.00,0.00,0.00,11 348.35,0.00,0.00,0.00,0.00,1,
20231031,339212,0.00,0.00,22 780.39,0.00,22 780.39,0.00,197 761.68,0.00,0.00,0.00,22 780.39,0.00,0.00,0.00,0.00,0.00,1,
20231031,636502,0.00,0.00,3 000.00,0.00,3 000.00,0.00,181 758.40,0.00,0.00,0.00,0.00,0.00,-3 000.00,0.00,0.00,0.00,1,
20231031,7032116,0.00,0.00,0.00,2 540.00,0.00,2 540.00,0.00,-646 198.30,0.00,0.00,0.00,0.00,0.00,2 540.00,0.00,0.00,1,
20231031,684111,0.00,0.00,46 519.74,0.00,46 519.74,0.00,325 638.18,0.00,0.00,0.00,0.00,0.00,-46 519.74,0.00,0.00,0.00,1,
20231031,184903,0.00,0.00,4 200.00,0.00,4 200.00,0.00,35 918.34,0.00,0.00,0.00,4 200.00,0.00,0.00,0.00,0.00,0.00,1,
20231231,684151,0.00,0.00,1 797.72,0.00,1 797.72,0.00,147 304.40,0.00,0.00,0.00,0.00,0.00,-1 797.72,0.00,0.00,0.00,1,
20231231,411501,0.00,0.00,12 000.00,0.00,12 000.00,0.00,12 000.00,0.00,0.00,0.00,0.00,-12 000.00,0.00,0.00,0.00,0.00,1,
20231231,189906,0.00,0.00,6 020.60,0.00,6 020.60,0.00,12 041.20,0.00,0.00,0.00,6 020.60,0.00,0.00,0.00,0.00,0.00,1,
20231231,395241,0.00,0.00,0.00,93.63,0.00,93.63,0.00,-1 255.80,0.00,0.00,93.63,0.00,0.00,0.00,0.00,0.00,1,
20231231,122101,0.00,0.00,0.00,590.00,0.00,590.00,0.00,0.00,0.00,0.00,0.00,0.00,0.00,0.00,0.00,0.00,1,
20231231,104121,0.00,0.00,370.50,0.00,370.50,0.00,370.50,0.00,0.00,0.00,370.50,0.00,0.00,0.00,0.00,0.00,1,
20231231,636502,0.00,0.00,2 000.00,0.00,2 000.00,0.00,181 758.40,0.00,0.00,0.00,0.00,0.00,-2 000.00,0.00,0.00,0.00,1,
20230930,393215,0.00,0.00,0.00,201 029.77,0.00,201 029.77,0.00,-1 399 065.40,0.00,0.00,201 029.77,0.00,0.00,0.00,0.00,0.00,1,
20230930,684111,0.00,0.00,46 519.74,0.00,46 519.74,0.00,325 638.18,0.00,0.00,0.00,0.00,0.00,-46 519.74,0.00,0.00,0.00,1,
20230930,104101,0.00,0.00,0.00,31 289.48,0.00,31 289.48,0.00,-587 265.98,0.00,0.00,-31 289.48,0.00,0.00,0.00,0.00,0.00,1,
20230930,479105,0.00,0.00,0.00,2 007 855.32,0.00,2 007 855.32,0.00,-2 007 855.32,0.00,0.00,0.00,2 007 855.32,0.00,0.00,0.00,0.00,1,
20230930,50110101,0.00,0.00,0.00,9 856 463.00,0.00,9 856 463.00,0.00,-9 856 463.00,0.00,0.00,0.00,9 856 463.00,0.00,0.00,0.00,0.00,1,
20231130,141301 ANULAR,0.00,0.00,50.00,0.00,50.00,0.00,14 410.00,0.00,0.00,0.00,50.00,0.00,0.00,0.00,0.00,0.00,1,
20231130,636502,0.00,0.00,3 000.00,0.00,3 000.00,0.00,181 758.40,0.00,0.00,0.00,0.00,0.00,-3 000.00,0.00,0.00,0.00,1,
20231130,393213,0.00,0.00,0.00,17 488.20,0.00,17 488.20,0.00,-181 045.96,0.00,0.00,17 488.20,0.00,0.00,0.00,0.00,0.00,1,
20231130,393215,0.00,0.00,0.00,201 029.77,0.00,201 029.77,0.00,-1 399 065.40,0.00,0.00,201 029.77,0.00,0.00,0.00,0.00,0.00,1,
20231130,184903,0.00,0.00,8 976.67,0.00,8 976.67,0.00,35 918.34,0.00,0.00,0.00,8 976.67,0.00,0.00,0.00,0.00,0.00,1,
20231130,601107,0.00,0.00,566.55,0.00,566.55,0.00,0.00,0.00,0.00,0.00,0.00,0.00,0.00,0.00,0.00,0.00,1,
20230131,104101,0.00,0.00,0.00,1 144.60,0.00,1 144.60,0.00,-587 265.98,0.00,0.00,-1 144.60,0.00,0.00,0.00,0.00,0.00,1,
20231031,659313,0.00,0.00,0.00,14 000.00,0.00,14 000.00,0.00,-22 866 544.21,0.00,0.00,0.00,0.00,14 000.00,0.00,0.00,0.00,1,
20231031,129101,0.00,0.00,0.00,200.00,0.00,200.00,0.00,-2 200.00,0.00,0.00,0.00,0.00,0.00,0.00,0.00,0.00,1,
20231031,639107,0.00,0.00,250.00,0.00,250.00,0.00,1 100.00,0.00,0.00,0.00,0.00,0.00,0.00,0.00,0.00,0.00,1,
20231031,621201,0.00,0.00,50.00,0.00,50.00,0.00,50.00,0.00,0.00,0.00,0.00,0.00,0.00,0.00,0.00,0.00,1,
20231031,393211,0.00,0.00,0.00,14 950.52,0.00,14 950.52,75 967.86,0.00,0.00,0.00,14 950.52,0.00,0.00,0.00,0.00,0.00,1,
20231031,343111,0.00,0.00,480 536.26,0.00,480 536.26,0.00,480 536.26,0.00,0.00,0.00,480 536.26,0.00,0.00,0.00,0.00,0.00,1,
20231031,191301,0.00,0.00,0.00,200.00,0.00,200.00,0.00,0.00,0.00,0.00,200.00,0.00,0.00,0.00,0.00,0.00,1,
20231231,421213,0.00,0.00,791.00,1 216.00,791.00,1 216.00,0.00,-8 408 038.32,0.00,0.00,0.00,425.00,0.00,0.00,0.00,0.00,1,
20231231,401721,0.00,0.00,0.00,1 080.00,0.00,1 080.00,0.00,-4 408.00,0.00,0.00,0.00,1 080.00,0.00,0.00,0.00,0.00,1,
20231231,101101,0.00,0.00,0.00,7 140.44,0.00,7 140.44,0.00,-68 508.00,0.00,0.00,-7 140.44,0.00,0.00,0.00,0.00,0.00,1,
20231231,421202,0.00,0.00,18 744.53,159 560.08,18 744.53,159 560.08,0.00,-704 192 717.59,0.00,0.00,0.00,140 815.55,0.00,0.00,0.00,0.00,1,
20231231,401141,0.00,0.00,0.00,1 066.49,0.00,1 066.49,0.00,-27 224.34,0.00,0.00,0.00,1 066.49,0.00,0.00,0.00,0.00,1,
20231231,624101,0.00,0.00,6 020.60,0.00,6 020.60,0.00,20 041.20,0.00,0.00,0.00,0.00,0.00,-6 020.60,0.00,0.00,0.00,1,
20231231,7032101,0.00,0.00,0.00,662.48,0.00,662.48,0.00,-2 220 412.33,0.00,0.00,0.00,0.00,0.00,662.48,0.00,0.00,1,
20231231,121301,0.00,0.00,2 626.00,2 700.00,2 626.00,2 700.00,628 130.10,0.00,0.00,0.00,0.00,0.00,0.00,0.00,0.00,0.00,1,
20231231,632108,0.00,0.00,7 000.00,0.00,7 000.00,0.00,144 780.00,0.00,0.00,0.00,0.00,0.00,-7 000.00,0.00,0.00,0.00,1,
20231231,632110,0.00,0.00,1 526.34,0.00,1 526.34,0.00,4 579.02,0.00,0.00,0.00,0.00,0.00,-1 526.34,0.00,0.00,0.00,1,
20230930,104105,0.00,0.00,97 987.73,0.00,97 987.73,0.00,97 987.73,0.00,0.00,0.00,97 987.73,0.00,0.00,0.00,0.00,0.00,1,
20230930,104116,0.00,0.00,17 645.56,0.00,17 645.56,0.00,27 645.56,0.00,0.00,0.00,17 645.56,0.00,0.00,0.00,0.00,0.00,1,
20231130,104102,0.00,0.00,199.99,8 266.20,199.99,8 266.20,0.00,-125 604.08,0.00,0.00,-8 066.21,0.00,0.00,0.00,0.00,0.00,1,
20231130,639107,0.00,0.00,300.00,0.00,300.00,0.00,550.00,0.00,0.00,0.00,0.00,0.00,0.00,0.00,0.00,0.00,1,
20231130,393211,0.00,0.00,0.00,14 950.52,0.00,14 950.52,75 967.86,0.00,0.00,0.00,14 950.52,0.00,0.00,0.00,0.00,0.00,1,
20231130,104106,0.00,0.00,0.00,8 078.67,0.00,8 078.67,0.00,-9 040.17,0.00,0.00,-8 078.67,0.00,0.00,0.00,0.00,0.00,1,
20231130,601105,0.00,0.00,0.00,755.40,0.00,755.40,160 840.20,0.00,0.00,0.00,0.00,0.00,755.40,0.00,0.00,0.00,1,
20231031,00401141,0.00,0.00,0.00,237.72,0.00,237.72,0.00,-2 265.68,0.00,0.00,0.00,0.00,0.00,0.00,0.00,0.00,1,
20231031,121201,0.00,0.00,2 817.20,0.00,2 817.20,0.00,1 014 300.84,0.00,0.00,0.00,2 817.20,0.00,0.00,0.00,0.00,0.00,1,
20231031,424101,0.00,0.00,0.00,3 680.00,0.00,3 680.00,0.00,-21 526.70,0.00,0.00,0.00,3 680.00,0.00,0.00,0.00,0.00,1,
20231031,682231,0.00,0.00,17 478.87,0.00,17 478.87,0.00,221 479.06,0.00,0.00,0.00,0.00,0.00,-17 478.87,0.00,0.00,0.00,1,
20231031,101102,0.00,0.00,1 000.00,0.00,1 000.00,0.00,55 481.72,0.00,0.00,0.00,1 000.00,0.00,0.00,0.00,0.00,0.00,1,
20231031,169901,0.00,0.00,200.00,0.00,200.00,0.00,200.00,0.00,0.00,0.00,200.00,0.00,0.00,0.00,0.00,0.00,1,
20231231,421201,0.00,0.00,183 637.80,1 728 745.60,183 637.80,1 728 745.60,0.00,-235 595 414.24,0.00,0.00,0.00,1 545 107.80,0.00,0.00,0.00,0.00,1,
20231231,682231,0.00,0.00,18 429.65,0.00,18 429.65,0.00,885 916.24,0.00,0.00,0.00,0.00,0.00,-18 429.65,0.00,0.00,0.00,1,
20231231,393215,0.00,0.00,0.00,201 029.77,0.00,201 029.77,0.00,-1 399 065.40,0.00,0.00,201 029.77,0.00,0.00,0.00,0.00,0.00,1,
20231231,,0.00,0.00,33 320.42,23 291.83,33 320.42,23 291.83,638 053.60,-17 958.00,0.00,0.00,0.00,0.00,0.00,0.00,0.00,0.00,1,
20231231,401111,0.00,0.00,330.86,15 613.49,330.86,15 613.49,0.00,-8 889 433.38,0.00,0.00,0.00,15 282.63,0.00,0.00,0.00,0.00,1,
20231231,7032102,0.00,0.00,0.00,2 150.28,0.00,2 150.28,0.00,-33 076.96,0.00,0.00,0.00,0.00,0.00,2 150.28,0.00,0.00,1,
20231231,411101,0.00,0.00,14 500.00,0.00,14 500.00,0.00,14 500.00,0.00,0.00,0.00,0.00,-14 500.00,0.00,0.00,0.00,0.00,1,
20231231,421104,0.00,0.00,60 006.90,52 444.28,60 006.90,52 444.28,0.00,-2 453 129.70,0.00,0.00,0.00,-7 562.62,0.00,0.00,0.00,0.00,1,
20231231,104122,0.00,0.00,0.00,1 144.60,0.00,1 144.60,0.00,-1 144.60,0.00,0.00,-1 144.60,0.00,0.00,0.00,0.00,0.00,1,
20231231,601102,0.00,0.00,69 475.14,6 761.60,69 475.14,6 761.60,1 118 191.00,0.00,0.00,0.00,0.00,0.00,-62 713.54,0.00,0.00,0.00,1,
20231231,00201112,0.00,0.00,6 714.38,665.87,6 714.38,665.87,323 068 791.92,0.00,0.00,0.00,0.00,0.00,0.00,0.00,0.00,0.00,1,
20231231,684121,0.00,0.00,93.63,0.00,93.63,0.00,14 191.78,0.00,0.00,0.00,0.00,0.00,0.00,0.00,0.00,0.00,1,
20231231,104107,0.00,0.00,256.56,0.00,256.56,0.00,0.00,-25 312.88,0.00,0.00,256.56,0.00,0.00,0.00,0.00,0.00,1,
20231231,129101,0.00,0.00,0.00,400.00,0.00,400.00,0.00,-2 200.00,0.00,0.00,0.00,0.00,0.00,0.00,0.00,0.00,1,
20231231,659313,0.00,0.00,0.00,500.00,0.00,500.00,0.00,-22 866 544.21,0.00,0.00,0.00,0.00,500.00,0.00,0.00,0.00,1,
20231231,141301,0.00,0.00,300.00,0.00,300.00,0.00,33 572.44,0.00,0.00,0.00,300.00,0.00,0.00,0.00,0.00,0.00,1,
20231231,104110,0.00,0.00,2 670.00,0.00,2 670.00,0.00,8 314.44,0.00,0.00,0.00,2 670.00,0.00,0.00,0.00,0.00,0.00,1,
20230831,00201112,0.00,0.00,2 420 453.91,0.00,2 420 453.91,0.00,83 720 969 791.84,0.00,0.00,0.00,0.00,0.00,0.00,0.00,0.00,0.00,1,
20230930,393211,0.00,0.00,0.00,14 950.52,0.00,14 950.52,75 967.86,0.00,0.00,0.00,14 950.52,0.00,0.00,0.00,0.00,0.00,1,
20230930,104103,0.00,0.00,149 821.53,0.00,149 821.53,0.00,94 078.07,0.00,0.00,0.00,149 821.53,0.00,0.00,0.00,0.00,0.00,1,
20230930,469902,0.00,0.00,2 846.85,0.00,2 846.85,0.00,2 846.85,0.00,0.00,0.00,0.00,-2 846.85,0.00,0.00,0.00,0.00,1,
20230930,3200,0.00,0.00,17 212 671.26,0.00,17 212 671.26,0.00,54 327 366.21,0.00,0.00,0.00,17 212 671.26,0.00,0.00,0.00,0.00,0.00,1,
20231130,682231,0.00,0.00,17 488.20,0.00,17 488.20,0.00,442 958.12,0.00,0.00,0.00,0.00,0.00,-17 488.20,0.00,0.00,0.00,1,
20231130,682251,0.00,0.00,201 029.77,0.00,201 029.77,0.00,1 407 208.39,0.00,0.00,0.00,0.00,0.00,-201 029.77,0.00,0.00,0.00,1,
20231130,421213,0.00,0.00,504.00,1 615.21,504.00,1 615.21,0.00,-5 255 023.95,0.00,0.00,0.00,1 111.21,0.00,0.00,0.00,0.00,1,
20231130,639102,0.00,0.00,7 550.00,0.00,7 550.00,0.00,7 750.00,0.00,0.00,0.00,0.00,0.00,-7 550.00,0.00,0.00,0.00,1,
20231031,501101,0.00,0.00,0.00,55 000.00,0.00,55 000.00,0.00,-9 510 529.82,0.00,0.00,0.00,55 000.00,0.00,0.00,0.00,0.00,1,
20231031,401111,0.00,0.00,0.00,277.20,0.00,277.20,0.00,-182 659.59,0.00,0.00,0.00,277.20,0.00,0.00,0.00,0.00,1,
20231031,632108,0.00,0.00,2 500.00,0.00,2 500.00,0.00,48 260.00,0.00,0.00,0.00,0.00,0.00,-2 500.00,0.00,0.00,0.00,1,
20231031,396131,0.00,0.00,0.00,40 044.69,0.00,40 044.69,0.00,-40 069.69,0.00,0.00,40 044.69,0.00,0.00,0.00,0.00,0.00,1,
20231031,3200,0.00,0.00,0.00,8 135.90,0.00,8 135.90,108 654 732.42,0.00,0.00,0.00,-8 135.90,0.00,0.00,0.00,0.00,0.00,1,
20231031,684121,0.00,0.00,48.33,0.00,48.33,0.00,7 095.89,0.00,0.00,0.00,0.00,0.00,0.00,0.00,0.00,0.00,1,
20231031,625105,0.00,0.00,100.00,0.00,100.00,0.00,100.00,0.00,0.00,0.00,0.00,0.00,0.00,0.00,0.00,0.00,1,
20231231,632101,0.00,0.00,4 500.00,0.00,4 500.00,0.00,4 500.00,0.00,0.00,0.00,0.00,0.00,-4 500.00,0.00,0.00,0.00,1,
20231231,393211,0.00,0.00,0.00,14 950.52,0.00,14 950.52,75 967.86,0.00,0.00,0.00,14 950.52,0.00,0.00,0.00,0.00,0.00,1,
20231231,395261,0.00,0.00,0.00,24.95,0.00,24.95,0.00,0.00,0.00,0.00,24.95,0.00,0.00,0.00,0.00,0.00,1,
20231231,336112,0.00,0.00,22 798.59,597.82,22 798.59,597.82,4 975 751.88,0.00,0.00,0.00,22 200.77,0.00,0.00,0.00,0.00,0.00,1,
20231231,184904,0.00,0.00,152 465.70,0.00,152 465.70,0.00,2 530 957.94,0.00,0.00,0.00,152 465.70,0.00,0.00,0.00,0.00,0.00,1,
20231231,641101,0.00,0.00,1 094 378.66,0.00,1 094 378.66,0.00,2 188 757.32,0.00,0.00,0.00,0.00,0.00,-1 094 378.66,0.00,0.00,0.00,1,
20231231,104108,0.00,0.00,300.00,0.00,300.00,0.00,0.00,-2 400.00,0.00,0.00,300.00,0.00,0.00,0.00,0.00,0.00,1,
20231231,333111,0.00,0.00,6 523.56,0.00,6 523.56,0.00,17 294.28,0.00,0.00,0.00,6 523.56,0.00,0.00,0.00,0.00,0.00,1,
20231231,104120,0.00,0.00,0.00,4 134.60,0.00,4 134.60,2 573 595.93,0.00,0.00,0.00,-4 134.60,0.00,0.00,0.00,0.00,0.00,1,
20231231,632112,0.00,0.00,11 500.00,0.00,11 500.00,0.00,11 500.00,0.00,0.00,0.00,0.00,0.00,-11 500.00,0.00,0.00,0.00,1,
20230930,101102,0.00,0.00,54 481.72,0.00,54 481.72,0.00,110 963.44,0.00,0.00,0.00,54 481.72,0.00,0.00,0.00,0.00,0.00,1,
20230930,105103,0.00,0.00,6 701 029.81,2 147 759.00,6 701 029.81,2 147 759.00,22 766 354.05,0.00,0.00,0.00,4 553 270.81,0.00,0.00,0.00,0.00,0.00,1,
20230930,421103,0.00,0.00,0.00,69 710.40,0.00,69 710.40,0.00,-69 710.40,0.00,0.00,0.00,69 710.40,0.00,0.00,0.00,0.00,1,
20230930,469901,0.00,0.00,0.00,214 694.31,0.00,214 694.31,0.00,-214 694.31,0.00,0.00,0.00,214 694.31,0.00,0.00,0.00,0.00,1,
20231130,691211,0.00,0.00,2 143.97,385.40,2 143.97,385.40,193 471.68,0.00,0.00,0.00,0.00,0.00,0.00,0.00,0.00,0.00,1,
20231130,121201,0.00,0.00,4 146.79,554.60,4 146.79,554.60,4 564 353.78,0.00,0.00,0.00,3 592.19,0.00,0.00,0.00,0.00,0.00,1,
20231130,104107,0.00,0.00,565.80,14 377.84,565.80,14 377.84,0.00,-25 312.88,0.00,0.00,-13 812.04,0.00,0.00,0.00,0.00,0.00,1,
20231130,141301,0.00,0.00,500.00,0.00,500.00,0.00,16 786.22,0.00,0.00,0.00,500.00,0.00,0.00,0.00,0.00,0.00,1,
20231130,00401141,0.00,0.00,0.00,53.10,0.00,53.10,0.00,-1 132.84,0.00,0.00,0.00,0.00,0.00,0.00,0.00,0.00,1,
20231130,335111,0.00,0.00,1 618.63,0.00,1 618.63,0.00,0.00,0.00,0.00,0.00,1 618.63,0.00,0.00,0.00,0.00,0.00,1,
20231031,421201,0.00,0.00,4 204.11,49 960.94,4 204.11,49 960.94,0.00,-58 898 853.56,0.00,0.00,0.00,45 756.83,0.00,0.00,0.00,0.00,1,
20231031,104101,0.00,0.00,55 400.00,452 065.96,55 400.00,452 065.96,0.00,-10 570 787.64,0.00,0.00,-396 665.96,0.00,0.00,0.00,0.00,0.00,1,
20231031,00201112,0.00,0.00,28 000.00,22.04,28 000.00,22.04,184 610 738.24,0.00,0.00,0.00,0.00,0.00,0.00,0.00,0.00,0.00,1,
20231031,601102,0.00,0.00,14 069.09,0.00,14 069.09,0.00,670 914.60,0.00,0.00,0.00,0.00,0.00,-14 069.09,0.00,0.00,0.00,1,
20231031,395211,0.00,0.00,0.00,46 519.74,0.00,46 519.74,0.00,-506 259.68,0.00,0.00,46 519.74,0.00,0.00,0.00,0.00,0.00,1,
20231231,393213,0.00,0.00,0.00,18 429.65,0.00,18 429.65,0.00,-362 091.92,0.00,0.00,18 429.65,0.00,0.00,0.00,0.00,0.00,1,
20231231,395211,0.00,0.00,0.00,46 519.74,0.00,46 519.74,0.00,-506 259.68,0.00,0.00,46 519.74,0.00,0.00,0.00,0.00,0.00,1,
20231231,121201,0.00,0.00,76 068.94,2 936.65,76 068.94,2 936.65,38 036 281.50,0.00,0.00,0.00,73 132.29,0.00,0.00,0.00,0.00,0.00,1,
20231231,104101,0.00,0.00,4 119.05,107 131.16,4 119.05,107 131.16,0.00,-22 316 107.24,0.00,0.00,-103 012.11,0.00,0.00,0.00,0.00,0.00,1,
20231231,611101,0.00,0.00,1 045.60,3 120.00,1 045.60,3 120.00,0.00,-557 940.54,0.00,0.00,0.00,0.00,2 074.40,0.00,0.00,0.00,1,
20231231,183101,0.00,0.00,190 395.90,0.00,190 395.90,0.00,190 395.90,0.00,0.00,0.00,190 395.90,0.00,0.00,0.00,0.00,0.00,1,
20231231,132131,0.00,0.00,200.00,0.00,200.00,0.00,200.00,0.00,0.00,0.00,200.00,0.00,0.00,0.00,0.00,0.00,1,
